{
    "Version": "2012-10-17",
    "Statement": [
        {
            "Effect": "Allow",
            "Action": "sts:AssumeRoleWithWebIdentity",
            "Principal": {
                "Federated": "arn:aws:iam::002379016991:oidc-provider/oidc.eks.us-east-2.amazonaws.com/id/E64AA67223FD585DF2DBE1DE5012C4EE"
            },
            "Condition": {
                "StringEquals": {
                    "oidc.eks.us-east-2.amazonaws.com/id/E64AA67223FD585DF2DBE1DE5012C4EE:sub": "system:serviceaccount:kube-system:cluster-autoscaler"
                    
                }
            }
        }
    ]
}